OD3332;Per Conubia Consulting;Ap #757-2441 Felis Avenue;Research & Development;19/06/2015
OD3333;Per Conubia Consulting;Ap #757-2441 Felis Avenue;Finances;28/10/2018
OD3334;Tincidunt LLP;9695 Amet, Rd.;Marketing;22/07/2016
OD3335;Pede Nec Corp.;P.O. Box 603, 8462 Gravida Ave;Finances;24/08/2015
OD3336;Rutrum Non LLC;Ap #323-7312 Hendrerit Street;Finances;27/04/2016
OD3337;Sodales Limited;504-3411 Augue Rd.;Public Relations;18/12/2015
OD3338;Odio PC;P.O. Box 410, 7612 Orci, Street;IT;14/07/2016
OD3339;Placerat Orci Corp.;146-1373 Integer Ave;Purchasing;28/09/2017
OD3340;Magna Nec Institute;Ap #710-481 Orci Ave;Customer Service;21/03/2017
OD3341;Eget Lacus Mauris Associates;271-6333 Turpis St.;Production;27/03/2016
OD3342;Elit Aliquam LLP;1400 Mattis Av.;Purchasing;02/04/2015
OD3343;Nulla Facilisi PC;P.O. Box 970, 2424 Varius Street;Production;07/05/2016
OD3344;Odio PC;P.O. Box 410, 7612 Orci, Street;Sales;05/05/2020
OD3345;Sodales Limited;504-3411 Augue Rd.;Administration;13/05/2018
OD3346;Placerat Orci Corp.;146-1373 Integer Ave;Public Relations;01/04/2019
OD3347;Elit Aliquam LLP;1400 Mattis Av.;IT;25/10/2019
OD3348;Odio PC;P.O. Box 410, 7612 Orci, Street;Sales;29/09/2020
OD3349;Bibendum Donec Consulting;8195 Mauris Rd.;IT;02/09/2019
OD3350;Odio PC;P.O. Box 410, 7612 Orci, Street;Designer;08/02/2015
OD3351;Massa Industries;391-8515 Cum St.;Purchasing;23/06/2020
OD3352;Rutrum Non LLC;Ap #323-7312 Hendrerit Street;Production;15/08/2019
OD3353;Rutrum Non LLC;Ap #323-7312 Hendrerit Street;Purchasing;14/11/2015
OD3354;Ac Eleifend Vitae LLP;Ap #685-8642 Consectetuer St.;Marketing;07/01/2018
OD3355;Placerat Eget Industries;3103 Phasellus Street;Sales;13/08/2017
OD3356;Accumsan Limited;509-1001 Dictum Avenue;Customer Service;29/10/2017
OD3357;Nulla Facilisi PC;P.O. Box 970, 2424 Varius Street;Sales;24/10/2020
OD3358;Euismod In Corporation;150-6615 Erat Rd.;IT;03/03/2015
OD3359;Euismod In Corporation;150-6615 Erat Rd.;Human Resources;03/06/2015
OD3360;Euismod In Corporation;150-6615 Erat Rd.;Marketing;04/07/2016
OD3361;Euismod In Corporation;150-6615 Erat Rd.;IT;29/09/2017
OD3362;Euismod In Corporation;150-6615 Erat Rd.;IT;31/01/2018
OD3363;Euismod In Corporation;150-6615 Erat Rd.;Customer Service;22/07/2018
OD3364;Facilisis Suspendisse Commodo Associates;919-2221 Vulputate Avenue;IT;20/07/2017
OD3365;Lorem Ipsum Institute;P.O. Box 992, 2311 Sed, St.;IT;22/11/2017
OD3366;Nulla Facilisi PC;P.O. Box 970, 2424 Varius Street;Production;10/04/2020
OD3367;Odio PC;P.O. Box 410, 7612 Orci, Street;Marketing;08/02/2019
OD3368;Malesuada Id Erat Institute;5821 Tincidunt Road;Marketing;28/09/2018
OD3369;Per Conubia Consulting;Ap #757-2441 Felis Avenue;Sales;07/10/2019
OD3370;Pede Nec Corp.;P.O. Box 603, 8462 Gravida Ave;IT;11/04/2019
OD3371;Accumsan Limited;509-1001 Dictum Avenue;IT;29/09/2020
OD3372;Sed Limited;P.O. Box 697, 5411 Diam Rd.;Production;15/02/2017
OD3373;Ac Eleifend Vitae LLP;Ap #685-8642 Consectetuer St.;Marketing;30/04/2020
OD3374;Magna Sed Eu Company;158-8636 Nam Avenue;Human Resources;23/05/2020
OD3375;Sodales Limited;504-3411 Augue Rd.;Production;25/06/2017
OD3376;Mi Lorem Incorporated;Ap #180-3063 Molestie Rd.;Human Resources;15/01/2019
OD3377;Tortor Integer Aliquam Consulting;P.O. Box 475, 4399 Dignissim Rd.;Research & Development;30/08/2015
OD3378;Sodales Limited;504-3411 Augue Rd.;Production;12/06/2016
OD3379;Pede Nec Corp.;P.O. Box 603, 8462 Gravida Ave;Designer;23/12/2020
OD3380;Elit Aliquam LLP;1400 Mattis Av.;Marketing;22/07/2018
OD3381;Euismod In Corporation;150-6615 Erat Rd.;Production;13/07/2020
OD3382;Massa Industries;391-8515 Cum St.;Research & Development;19/05/2018
OD3383;Pede Nec Corp.;P.O. Box 603, 8462 Gravida Ave;IT;24/01/2018
OD3384;Bibendum Donec Consulting;8195 Mauris Rd.;Research & Development;25/12/2019
OD3385;Placerat Orci Corp.;146-1373 Integer Ave;IT;13/05/2020
OD3386;Sodales Limited;504-3411 Augue Rd.;Research & Development;01/06/2018
OD3387;Sit Amet Risus Limited;260-2505 Rutrum Road;Sales;08/06/2016
OD3388;Magna Sed Eu Company;158-8636 Nam Avenue;Production;01/12/2019
OD3389;Per Conubia Consulting;Ap #757-2441 Felis Avenue;Customer Service;19/03/2017
OD3390;Mi Lacinia Mattis Institute;4331 Proin Street;Sales;30/12/2020
OD3391;Placerat Eget Industries;3103 Phasellus Street;IT;13/03/2016
OD3392;Tortor Integer Aliquam Consulting;P.O. Box 475, 4399 Dignissim Rd.;Purchasing;04/09/2017
OD3393;Metus Sit Amet Institute;244-8816 Arcu. Avenue;Public Relations;14/12/2016
OD3394;Odio PC;P.O. Box 410, 7612 Orci, Street;Marketing;01/03/2021
OD3395;Odio PC;P.O. Box 410, 7612 Orci, Street;Administration;23/08/2020
OD3396;Sodales Limited;504-3411 Augue Rd.;Sales;10/09/2015
OD3397;Placerat Eget Industries;3103 Phasellus Street;Research & Development;10/04/2018
OD3398;Odio PC;P.O. Box 410, 7612 Orci, Street;IT;25/03/2019
OD3399;Odio PC;P.O. Box 410, 7612 Orci, Street;IT;02/07/2019
OD3400;Odio PC;P.O. Box 410, 7612 Orci, Street;Marketing;12/02/2020
OD3401;Elit Pellentesque A PC;Ap #273-5036 Sed Ave;Marketing;02/05/2020
OD3402;Massa Industries;391-8515 Cum St.;Production;10/11/2015
OD3403;Mi Lorem Incorporated;Ap #180-3063 Molestie Rd.;Marketing;30/10/2018
OD3404;Malesuada Id Erat Institute;5821 Tincidunt Road;IT;05/03/2015
OD3405;Sodales Limited;504-3411 Augue Rd.;Finances;20/11/2018
OD3406;Elit Aliquam LLP;1400 Mattis Av.;Sales;26/10/2020
OD3407;Mauris Vestibulum Neque Incorporated;836-6322 Magna Rd.;Marketing;28/11/2017
OD3408;Elit Aliquam LLP;1400 Mattis Av.;IT;17/07/2017
OD3409;Sit Amet Risus Limited;260-2505 Rutrum Road;Production;11/01/2017
OD3410;Placerat Eget Industries;3103 Phasellus Street;Finances;01/12/2018
OD3411;Massa Industries;391-8515 Cum St.;Public Relations;04/10/2015
OD3412;Malesuada Id Erat Institute;5821 Tincidunt Road;Production;19/02/2019
OD3413;Donec Sollicitudin Adipiscing PC;Ap #574-9794 Proin Rd.;Production;27/02/2016
OD3414;Lorem Ipsum Institute;P.O. Box 992, 2311 Sed, St.;Customer Service;21/07/2018
OD3415;Sodales Limited;504-3411 Augue Rd.;Customer Service;08/10/2019
OD3416;Sit Amet Risus Limited;260-2505 Rutrum Road;Human Resources;04/10/2017
OD3417;Bibendum Donec Consulting;8195 Mauris Rd.;Production;16/04/2015
OD3418;Elit Pellentesque A PC;Ap #273-5036 Sed Ave;Administration;24/07/2018
OD3419;Eget Lacus Mauris Associates;271-6333 Turpis St.;Human Resources;11/11/2015
OD3420;Facilisis Suspendisse Commodo Associates;919-2221 Vulputate Avenue;Administration;12/10/2016
OD3421;Magna Nec Institute;Ap #710-481 Orci Ave;Customer Service;17/11/2020
OD3422;Pede Nec Corp.;P.O. Box 603, 8462 Gravida Ave;Marketing;11/07/2016
OD3423;Massa Industries;391-8515 Cum St.;Designer;29/06/2015
OD3424;Odio PC;P.O. Box 410, 7612 Orci, Street;Customer Service;29/03/2017
OD3425;Elit Aliquam LLP;1400 Mattis Av.;IT;25/06/2016
OD3426;Sit Amet Risus Limited;260-2505 Rutrum Road;Production;20/01/2019
OD3427;Sed Limited;P.O. Box 697, 5411 Diam Rd.;IT;21/07/2016
OD3428;Pede Nec Corp.;P.O. Box 603, 8462 Gravida Ave;Administration;25/09/2017
OD3429;Mi Lorem Incorporated;Ap #180-3063 Molestie Rd.;Research & Development;15/06/2020
OD3430;Elit Pellentesque A PC;Ap #273-5036 Sed Ave;Designer;31/12/2015
OD3431;Sodales Limited;504-3411 Augue Rd.;Production;28/06/2019
